{
    "success": "1",
    "response": [
        {
            "0": "33",
            "1": "Canada",
            "2": "1",
            "3": "CA",
            "countries_id": "33",
            "countries_name": "Canada",
            "countries_isd_code": "1",
            "cid": "CA"
        },
        {
            "0": "230",
            "1": "United States of America",
            "2": "1",
            "3": "US",
            "countries_id": "230",
            "countries_name": "United States of America",
            "countries_isd_code": "1",
            "cid": "US"
        },
        {
            "0": "28",
            "1": "Bahamas",
            "2": "1-242",
            "3": "BS",
            "countries_id": "28",
            "countries_name": "Bahamas",
            "countries_isd_code": "1-242",
            "cid": "BS"
        },
        {
            "0": "16",
            "1": "Barbados",
            "2": "1-246",
            "3": "BB",
            "countries_id": "16",
            "countries_name": "Barbados",
            "countries_isd_code": "1-246",
            "cid": "BB"
        },
        {
            "0": "5",
            "1": "Anguilla",
            "2": "1-264",
            "3": "AI",
            "countries_id": "5",
            "countries_name": "Anguilla",
            "countries_isd_code": "1-264",
            "cid": "AI"
        },
        {
            "0": "4",
            "1": "Antigua and Barbuda",
            "2": "1-268",
            "3": "AG",
            "countries_id": "4",
            "countries_name": "Antigua and Barbuda",
            "countries_isd_code": "1-268",
            "cid": "AG"
        },
        {
            "0": "218",
            "1": "Virgin Islands (British)",
            "2": "1-284",
            "3": "VG",
            "countries_id": "218",
            "countries_name": "Virgin Islands (British)",
            "countries_isd_code": "1-284",
            "cid": "VG"
        },
        {
            "0": "219",
            "1": "Virgin Islands (U.S.)",
            "2": "1-340",
            "3": "VI",
            "countries_id": "219",
            "countries_name": "Virgin Islands (U.S.)",
            "countries_isd_code": "1-340",
            "cid": "VI"
        },
        {
            "0": "113",
            "1": "Cayman Islands",
            "2": "1-345",
            "3": "KY",
            "countries_id": "113",
            "countries_name": "Cayman Islands",
            "countries_isd_code": "1-345",
            "cid": "KY"
        },
        {
            "0": "24",
            "1": "Bermuda",
            "2": "1-441",
            "3": "BM",
            "countries_id": "24",
            "countries_name": "Bermuda",
            "countries_isd_code": "1-441",
            "cid": "BM"
        },
        {
            "0": "72",
            "1": "Grenada",
            "2": "1-473",
            "3": "GD",
            "countries_id": "72",
            "countries_name": "Grenada",
            "countries_isd_code": "1-473",
            "cid": "GD"
        },
        {
            "0": "197",
            "1": "Turks and Caicos Islands",
            "2": "1-649",
            "3": "TC",
            "countries_id": "197",
            "countries_name": "Turks and Caicos Islands",
            "countries_isd_code": "1-649",
            "cid": "TC"
        },
        {
            "0": "139",
            "1": "Montserrat",
            "2": "1-664",
            "3": "MS",
            "countries_id": "139",
            "countries_name": "Montserrat",
            "countries_isd_code": "1-664",
            "cid": "MS"
        },
        {
            "0": "136",
            "1": "Northern Mariana Islands",
            "2": "1-670",
            "3": "MP",
            "countries_id": "136",
            "countries_name": "Northern Mariana Islands",
            "countries_isd_code": "1-670",
            "cid": "MP"
        },
        {
            "0": "117",
            "1": "Saint Lucia",
            "2": "1-758",
            "3": "LC",
            "countries_id": "117",
            "countries_name": "Saint Lucia",
            "countries_isd_code": "1-758",
            "cid": "LC"
        },
        {
            "0": "54",
            "1": "Dominica",
            "2": "1-767",
            "3": "DM",
            "countries_id": "54",
            "countries_name": "Dominica",
            "countries_isd_code": "1-767",
            "cid": "DM"
        },
        {
            "0": "216",
            "1": "Saint Vincent and the Grenadines",
            "2": "1-784",
            "3": "VC",
            "countries_id": "216",
            "countries_name": "Saint Vincent and the Grenadines",
            "countries_isd_code": "1-784",
            "cid": "VC"
        },
        {
            "0": "55",
            "1": "Dominican Republic",
            "2": "1-809",
            "3": "DO",
            "countries_id": "55",
            "countries_name": "Dominican Republic",
            "countries_isd_code": "1-809",
            "cid": "DO"
        },
        {
            "0": "208",
            "1": "Trinidad and Tobago",
            "2": "1-868",
            "3": "TT",
            "countries_id": "208",
            "countries_name": "Trinidad and Tobago",
            "countries_isd_code": "1-868",
            "cid": "TT"
        },
        {
            "0": "109",
            "1": "Saint Kitts and Nevis",
            "2": "1-869",
            "3": "KN",
            "countries_id": "109",
            "countries_name": "Saint Kitts and Nevis",
            "countries_isd_code": "1-869",
            "cid": "KN"
        },
        {
            "0": "101",
            "1": "Jamaica",
            "2": "1-876",
            "3": "JM",
            "countries_id": "101",
            "countries_name": "Jamaica",
            "countries_isd_code": "1-876",
            "cid": "JM"
        },
        {
            "0": "59",
            "1": "Egypt",
            "2": "20",
            "3": "EG",
            "countries_id": "59",
            "countries_name": "Egypt",
            "countries_isd_code": "20",
            "cid": "EG"
        },
        {
            "0": "60",
            "1": "Western Sahara",
            "2": "212",
            "3": "EH",
            "countries_id": "60",
            "countries_name": "Western Sahara",
            "countries_isd_code": "212",
            "cid": "EH"
        },
        {
            "0": "126",
            "1": "Morocco",
            "2": "212",
            "3": "MA",
            "countries_id": "126",
            "countries_name": "Morocco",
            "countries_isd_code": "212",
            "cid": "MA"
        },
        {
            "0": "56",
            "1": "Algeria",
            "2": "213",
            "3": "DZ",
            "countries_id": "56",
            "countries_name": "Algeria",
            "countries_isd_code": "213",
            "cid": "DZ"
        },
        {
            "0": "205",
            "1": "Tunisia",
            "2": "216",
            "3": "TN",
            "countries_id": "205",
            "countries_name": "Tunisia",
            "countries_isd_code": "216",
            "cid": "TN"
        },
        {
            "0": "125",
            "1": "Libya",
            "2": "218",
            "3": "LY",
            "countries_id": "125",
            "countries_name": "Libya",
            "countries_isd_code": "218",
            "cid": "LY"
        },
        {
            "0": "79",
            "1": "Gambia",
            "2": "220",
            "3": "GM",
            "countries_id": "79",
            "countries_name": "Gambia",
            "countries_isd_code": "220",
            "cid": "GM"
        },
        {
            "0": "190",
            "1": "Senegal",
            "2": "221",
            "3": "SN",
            "countries_id": "190",
            "countries_name": "Senegal",
            "countries_isd_code": "221",
            "cid": "SN"
        },
        {
            "0": "138",
            "1": "Mauritania",
            "2": "222",
            "3": "MR",
            "countries_id": "138",
            "countries_name": "Mauritania",
            "countries_isd_code": "222",
            "cid": "MR"
        },
        {
            "0": "132",
            "1": "Mali",
            "2": "223",
            "3": "ML",
            "countries_id": "132",
            "countries_name": "Mali",
            "countries_isd_code": "223",
            "cid": "ML"
        },
        {
            "0": "80",
            "1": "Guinea",
            "2": "224",
            "3": "GN",
            "countries_id": "80",
            "countries_name": "Guinea",
            "countries_isd_code": "224",
            "cid": "GN"
        },
        {
            "0": "39",
            "1": "Cote D'Ivoire (Ivory Coast)",
            "2": "225",
            "3": "CI",
            "countries_id": "39",
            "countries_name": "Cote D'Ivoire (Ivory Coast)",
            "countries_isd_code": "225",
            "cid": "CI"
        },
        {
            "0": "19",
            "1": "Burkina Faso",
            "2": "226",
            "3": "BF",
            "countries_id": "19",
            "countries_name": "Burkina Faso",
            "countries_isd_code": "226",
            "cid": "BF"
        },
        {
            "0": "149",
            "1": "Niger",
            "2": "227",
            "3": "NE",
            "countries_id": "149",
            "countries_name": "Niger",
            "countries_isd_code": "227",
            "cid": "NE"
        },
        {
            "0": "200",
            "1": "Togo",
            "2": "228",
            "3": "TG",
            "countries_id": "200",
            "countries_name": "Togo",
            "countries_isd_code": "228",
            "cid": "TG"
        },
        {
            "0": "23",
            "1": "Benin",
            "2": "229",
            "3": "BJ",
            "countries_id": "23",
            "countries_name": "Benin",
            "countries_isd_code": "229",
            "cid": "BJ"
        },
        {
            "0": "141",
            "1": "Mauritius",
            "2": "230",
            "3": "MU",
            "countries_id": "141",
            "countries_name": "Mauritius",
            "countries_isd_code": "230",
            "cid": "MU"
        },
        {
            "0": "120",
            "1": "Liberia",
            "2": "231",
            "3": "LR",
            "countries_id": "120",
            "countries_name": "Liberia",
            "countries_isd_code": "231",
            "cid": "LR"
        },
        {
            "0": "188",
            "1": "Sierra Leone",
            "2": "232",
            "3": "SL",
            "countries_id": "188",
            "countries_name": "Sierra Leone",
            "countries_isd_code": "232",
            "cid": "SL"
        },
        {
            "0": "76",
            "1": "Ghana",
            "2": "233",
            "3": "GH",
            "countries_id": "76",
            "countries_name": "Ghana",
            "countries_isd_code": "233",
            "cid": "GH"
        },
        {
            "0": "151",
            "1": "Nigeria",
            "2": "234",
            "3": "NG",
            "countries_id": "151",
            "countries_name": "Nigeria",
            "countries_isd_code": "234",
            "cid": "NG"
        },
        {
            "0": "198",
            "1": "Chad",
            "2": "235",
            "3": "TD",
            "countries_id": "198",
            "countries_name": "Chad",
            "countries_isd_code": "235",
            "cid": "TD"
        },
        {
            "0": "36",
            "1": "Central African Republic",
            "2": "236",
            "3": "CF",
            "countries_id": "36",
            "countries_name": "Central African Republic",
            "countries_isd_code": "236",
            "cid": "CF"
        },
        {
            "0": "42",
            "1": "Cameroon",
            "2": "237",
            "3": "CM",
            "countries_id": "42",
            "countries_name": "Cameroon",
            "countries_isd_code": "237",
            "cid": "CM"
        },
        {
            "0": "47",
            "1": "Cape Verde",
            "2": "238",
            "3": "CV",
            "countries_id": "47",
            "countries_name": "Cape Verde",
            "countries_isd_code": "238",
            "cid": "CV"
        },
        {
            "0": "193",
            "1": "Sao Tome and Principe",
            "2": "239",
            "3": "ST",
            "countries_id": "193",
            "countries_name": "Sao Tome and Principe",
            "countries_isd_code": "239",
            "cid": "ST"
        },
        {
            "0": "82",
            "1": "Equatorial Guinea",
            "2": "240",
            "3": "GQ",
            "countries_id": "82",
            "countries_name": "Equatorial Guinea",
            "countries_isd_code": "240",
            "cid": "GQ"
        },
        {
            "0": "70",
            "1": "Gabon",
            "2": "241",
            "3": "GA",
            "countries_id": "70",
            "countries_name": "Gabon",
            "countries_isd_code": "241",
            "cid": "GA"
        },
        {
            "0": "37",
            "1": "Congo",
            "2": "242",
            "3": "CG",
            "countries_id": "37",
            "countries_name": "Congo",
            "countries_isd_code": "242",
            "cid": "CG"
        },
        {
            "0": "35",
            "1": "Democratic Republic of the Congo",
            "2": "243",
            "3": "CD",
            "countries_id": "35",
            "countries_name": "Democratic Republic of the Congo",
            "countries_isd_code": "243",
            "cid": "CD"
        },
        {
            "0": "228",
            "1": "Zaire (former)",
            "2": "243",
            "3": "ZR",
            "countries_id": "228",
            "countries_name": "Zaire (former)",
            "countries_isd_code": "243",
            "cid": "ZR"
        },
        {
            "0": "9",
            "1": "Angola",
            "2": "244",
            "3": "AO",
            "countries_id": "9",
            "countries_name": "Angola",
            "countries_isd_code": "244",
            "cid": "AO"
        },
        {
            "0": "86",
            "1": "Guinea-Bissau",
            "2": "245",
            "3": "GW",
            "countries_id": "86",
            "countries_name": "Guinea-Bissau",
            "countries_isd_code": "245",
            "cid": "GW"
        },
        {
            "0": "180",
            "1": "Seychelles",
            "2": "248",
            "3": "SC",
            "countries_id": "180",
            "countries_name": "Seychelles",
            "countries_isd_code": "248",
            "cid": "SC"
        },
        {
            "0": "181",
            "1": "Sudan",
            "2": "249",
            "3": "SD",
            "countries_id": "181",
            "countries_name": "Sudan",
            "countries_isd_code": "249",
            "cid": "SD"
        },
        {
            "0": "177",
            "1": "Rwanda",
            "2": "250",
            "3": "RW",
            "countries_id": "177",
            "countries_name": "Rwanda",
            "countries_isd_code": "250",
            "cid": "RW"
        },
        {
            "0": "63",
            "1": "Ethiopia",
            "2": "251",
            "3": "ET",
            "countries_id": "63",
            "countries_name": "Ethiopia",
            "countries_isd_code": "251",
            "cid": "ET"
        },
        {
            "0": "191",
            "1": "Somalia",
            "2": "252",
            "3": "SO",
            "countries_id": "191",
            "countries_name": "Somalia",
            "countries_isd_code": "252",
            "cid": "SO"
        },
        {
            "0": "52",
            "1": "Djibouti",
            "2": "253",
            "3": "DJ",
            "countries_id": "52",
            "countries_name": "Djibouti",
            "countries_isd_code": "253",
            "cid": "DJ"
        },
        {
            "0": "104",
            "1": "Kenya",
            "2": "254",
            "3": "KE",
            "countries_id": "104",
            "countries_name": "Kenya",
            "countries_isd_code": "254",
            "cid": "KE"
        },
        {
            "0": "211",
            "1": "Tanzania",
            "2": "255",
            "3": "TZ",
            "countries_id": "211",
            "countries_name": "Tanzania",
            "countries_isd_code": "255",
            "cid": "TZ"
        },
        {
            "0": "213",
            "1": "Uganda",
            "2": "256",
            "3": "UG",
            "countries_id": "213",
            "countries_name": "Uganda",
            "countries_isd_code": "256",
            "cid": "UG"
        },
        {
            "0": "22",
            "1": "Burundi",
            "2": "257",
            "3": "BI",
            "countries_id": "22",
            "countries_name": "Burundi",
            "countries_isd_code": "257",
            "cid": "BI"
        },
        {
            "0": "146",
            "1": "Mozambique",
            "2": "258",
            "3": "MZ",
            "countries_id": "146",
            "countries_name": "Mozambique",
            "countries_isd_code": "258",
            "cid": "MZ"
        },
        {
            "0": "227",
            "1": "Zambia",
            "2": "260",
            "3": "ZM",
            "countries_id": "227",
            "countries_name": "Zambia",
            "countries_isd_code": "260",
            "cid": "ZM"
        },
        {
            "0": "129",
            "1": "Madagascar",
            "2": "261",
            "3": "MG",
            "countries_id": "129",
            "countries_name": "Madagascar",
            "countries_isd_code": "261",
            "cid": "MG"
        },
        {
            "0": "174",
            "1": "Reunion",
            "2": "262",
            "3": "RE",
            "countries_id": "174",
            "countries_name": "Reunion",
            "countries_isd_code": "262",
            "cid": "RE"
        },
        {
            "0": "199",
            "1": "French Southern Territories",
            "2": "262",
            "3": "TF",
            "countries_id": "199",
            "countries_name": "French Southern Territories",
            "countries_isd_code": "262",
            "cid": "TF"
        },
        {
            "0": "225",
            "1": "Mayotte",
            "2": "262",
            "3": "YT",
            "countries_id": "225",
            "countries_name": "Mayotte",
            "countries_isd_code": "262",
            "cid": "YT"
        },
        {
            "0": "229",
            "1": "Zimbabwe",
            "2": "263",
            "3": "ZW",
            "countries_id": "229",
            "countries_name": "Zimbabwe",
            "countries_isd_code": "263",
            "cid": "ZW"
        },
        {
            "0": "147",
            "1": "Namibia",
            "2": "264",
            "3": "NA",
            "countries_id": "147",
            "countries_name": "Namibia",
            "countries_isd_code": "264",
            "cid": "NA"
        },
        {
            "0": "143",
            "1": "Malawi",
            "2": "265",
            "3": "MW",
            "countries_id": "143",
            "countries_name": "Malawi",
            "countries_isd_code": "265",
            "cid": "MW"
        },
        {
            "0": "121",
            "1": "Lesotho",
            "2": "266",
            "3": "LS",
            "countries_id": "121",
            "countries_name": "Lesotho",
            "countries_isd_code": "266",
            "cid": "LS"
        },
        {
            "0": "30",
            "1": "Botswana",
            "2": "267",
            "3": "BW",
            "countries_id": "30",
            "countries_name": "Botswana",
            "countries_isd_code": "267",
            "cid": "BW"
        },
        {
            "0": "196",
            "1": "Swaziland",
            "2": "268",
            "3": "SZ",
            "countries_id": "196",
            "countries_name": "Swaziland",
            "countries_isd_code": "268",
            "cid": "SZ"
        },
        {
            "0": "108",
            "1": "Comoros",
            "2": "269",
            "3": "KM",
            "countries_id": "108",
            "countries_name": "Comoros",
            "countries_isd_code": "269",
            "cid": "KM"
        },
        {
            "0": "226",
            "1": "South Africa",
            "2": "27",
            "3": "ZA",
            "countries_id": "226",
            "countries_name": "South Africa",
            "countries_isd_code": "27",
            "cid": "ZA"
        },
        {
            "0": "184",
            "1": "Saint Helena",
            "2": "290",
            "3": "SH",
            "countries_id": "184",
            "countries_name": "Saint Helena",
            "countries_isd_code": "290",
            "cid": "SH"
        },
        {
            "0": "61",
            "1": "Eritrea",
            "2": "291",
            "3": "ER",
            "countries_id": "61",
            "countries_name": "Eritrea",
            "countries_isd_code": "291",
            "cid": "ER"
        },
        {
            "0": "13",
            "1": "Aruba",
            "2": "297",
            "3": "AW",
            "countries_id": "13",
            "countries_name": "Aruba",
            "countries_isd_code": "297",
            "cid": "AW"
        },
        {
            "0": "68",
            "1": "Faroe Islands",
            "2": "298",
            "3": "FO",
            "countries_id": "68",
            "countries_name": "Faroe Islands",
            "countries_isd_code": "298",
            "cid": "FO"
        },
        {
            "0": "78",
            "1": "Greenland",
            "2": "299",
            "3": "GL",
            "countries_id": "78",
            "countries_name": "Greenland",
            "countries_isd_code": "299",
            "cid": "GL"
        },
        {
            "0": "83",
            "1": "Greece",
            "2": "30",
            "3": "GR",
            "countries_id": "83",
            "countries_name": "Greece",
            "countries_isd_code": "30",
            "cid": "GR"
        },
        {
            "0": "153",
            "1": "Netherlands",
            "2": "31",
            "3": "NL",
            "countries_id": "153",
            "countries_name": "Netherlands",
            "countries_isd_code": "31",
            "cid": "NL"
        },
        {
            "0": "18",
            "1": "Belgium",
            "2": "32",
            "3": "BE",
            "countries_id": "18",
            "countries_name": "Belgium",
            "countries_isd_code": "32",
            "cid": "BE"
        },
        {
            "0": "69",
            "1": "France",
            "2": "33",
            "3": "FR",
            "countries_id": "69",
            "countries_name": "France",
            "countries_isd_code": "33",
            "cid": "FR"
        },
        {
            "0": "62",
            "1": "Spain",
            "2": "34",
            "3": "ES",
            "countries_id": "62",
            "countries_name": "Spain",
            "countries_isd_code": "34",
            "cid": "ES"
        },
        {
            "0": "77",
            "1": "Gibraltar",
            "2": "350",
            "3": "GI",
            "countries_id": "77",
            "countries_name": "Gibraltar",
            "countries_isd_code": "350",
            "cid": "GI"
        },
        {
            "0": "170",
            "1": "Portugal",
            "2": "351",
            "3": "PT",
            "countries_id": "170",
            "countries_name": "Portugal",
            "countries_isd_code": "351",
            "cid": "PT"
        },
        {
            "0": "123",
            "1": "Luxembourg",
            "2": "352",
            "3": "LU",
            "countries_id": "123",
            "countries_name": "Luxembourg",
            "countries_isd_code": "352",
            "cid": "LU"
        },
        {
            "0": "94",
            "1": "Ireland",
            "2": "353",
            "3": "IE",
            "countries_id": "94",
            "countries_name": "Ireland",
            "countries_isd_code": "353",
            "cid": "IE"
        },
        {
            "0": "99",
            "1": "Iceland",
            "2": "354",
            "3": "IS",
            "countries_id": "99",
            "countries_name": "Iceland",
            "countries_isd_code": "354",
            "cid": "IS"
        },
        {
            "0": "6",
            "1": "Albania",
            "2": "355",
            "3": "AL",
            "countries_id": "6",
            "countries_name": "Albania",
            "countries_isd_code": "355",
            "cid": "AL"
        },
        {
            "0": "140",
            "1": "Malta",
            "2": "356",
            "3": "MT",
            "countries_id": "140",
            "countries_name": "Malta",
            "countries_isd_code": "356",
            "cid": "MT"
        },
        {
            "0": "49",
            "1": "Cyprus",
            "2": "357",
            "3": "CY",
            "countries_id": "49",
            "countries_name": "Cyprus",
            "countries_isd_code": "357",
            "cid": "CY"
        },
        {
            "0": "64",
            "1": "Finland",
            "2": "358",
            "3": "FI",
            "countries_id": "64",
            "countries_name": "Finland",
            "countries_isd_code": "358",
            "cid": "FI"
        },
        {
            "0": "20",
            "1": "Bulgaria",
            "2": "359",
            "3": "BG",
            "countries_id": "20",
            "countries_name": "Bulgaria",
            "countries_isd_code": "359",
            "cid": "BG"
        },
        {
            "0": "92",
            "1": "Hungary",
            "2": "36",
            "3": "HU",
            "countries_id": "92",
            "countries_name": "Hungary",
            "countries_isd_code": "36",
            "cid": "HU"
        },
        {
            "0": "122",
            "1": "Lithuania",
            "2": "370",
            "3": "LT",
            "countries_id": "122",
            "countries_name": "Lithuania",
            "countries_isd_code": "370",
            "cid": "LT"
        },
        {
            "0": "124",
            "1": "Latvia",
            "2": "371",
            "3": "LV",
            "countries_id": "124",
            "countries_name": "Latvia",
            "countries_isd_code": "371",
            "cid": "LV"
        },
        {
            "0": "58",
            "1": "Estonia",
            "2": "372",
            "3": "EE",
            "countries_id": "58",
            "countries_name": "Estonia",
            "countries_isd_code": "372",
            "cid": "EE"
        },
        {
            "0": "128",
            "1": "Moldova",
            "2": "373",
            "3": "MD",
            "countries_id": "128",
            "countries_name": "Moldova",
            "countries_isd_code": "373",
            "cid": "MD"
        },
        {
            "0": "7",
            "1": "Armenia",
            "2": "374",
            "3": "AM",
            "countries_id": "7",
            "countries_name": "Armenia",
            "countries_isd_code": "374",
            "cid": "AM"
        },
        {
            "0": "31",
            "1": "Belarus",
            "2": "375",
            "3": "BY",
            "countries_id": "31",
            "countries_name": "Belarus",
            "countries_isd_code": "375",
            "cid": "BY"
        },
        {
            "0": "1",
            "1": "Andorra",
            "2": "376",
            "3": "AD",
            "countries_id": "1",
            "countries_name": "Andorra",
            "countries_isd_code": "376",
            "cid": "AD"
        },
        {
            "0": "127",
            "1": "Monaco",
            "2": "377",
            "3": "MC",
            "countries_id": "127",
            "countries_name": "Monaco",
            "countries_isd_code": "377",
            "cid": "MC"
        },
        {
            "0": "189",
            "1": "San Marino",
            "2": "378",
            "3": "SM",
            "countries_id": "189",
            "countries_name": "San Marino",
            "countries_isd_code": "378",
            "cid": "SM"
        },
        {
            "0": "212",
            "1": "Ukraine",
            "2": "380",
            "3": "UA",
            "countries_id": "212",
            "countries_name": "Ukraine",
            "countries_isd_code": "380",
            "cid": "UA"
        },
        {
            "0": "90",
            "1": "Croatia (Hrvatska)",
            "2": "385",
            "3": "HR",
            "countries_id": "90",
            "countries_name": "Croatia (Hrvatska)",
            "countries_isd_code": "385",
            "cid": "HR"
        },
        {
            "0": "185",
            "1": "Slovenia",
            "2": "386",
            "3": "SI",
            "countries_id": "185",
            "countries_name": "Slovenia",
            "countries_isd_code": "386",
            "cid": "SI"
        },
        {
            "0": "15",
            "1": "Bosnia and Herzegovina",
            "2": "387",
            "3": "BA",
            "countries_id": "15",
            "countries_name": "Bosnia and Herzegovina",
            "countries_isd_code": "387",
            "cid": "BA"
        },
        {
            "0": "131",
            "1": "Macedonia",
            "2": "389",
            "3": "MK",
            "countries_id": "131",
            "countries_name": "Macedonia",
            "countries_isd_code": "389",
            "cid": "MK"
        },
        {
            "0": "100",
            "1": "Italy",
            "2": "39",
            "3": "IT",
            "countries_id": "100",
            "countries_name": "Italy",
            "countries_isd_code": "39",
            "cid": "IT"
        },
        {
            "0": "175",
            "1": "Romania",
            "2": "40",
            "3": "RO",
            "countries_id": "175",
            "countries_name": "Romania",
            "countries_isd_code": "40",
            "cid": "RO"
        },
        {
            "0": "38",
            "1": "Switzerland",
            "2": "41",
            "3": "CH",
            "countries_id": "38",
            "countries_name": "Switzerland",
            "countries_isd_code": "41",
            "cid": "CH"
        },
        {
            "0": "50",
            "1": "Czech Republic",
            "2": "420",
            "3": "CZ",
            "countries_id": "50",
            "countries_name": "Czech Republic",
            "countries_isd_code": "420",
            "cid": "CZ"
        },
        {
            "0": "187",
            "1": "Slovakia",
            "2": "421",
            "3": "SK",
            "countries_id": "187",
            "countries_name": "Slovakia",
            "countries_isd_code": "421",
            "cid": "SK"
        },
        {
            "0": "118",
            "1": "Liechtenstein",
            "2": "423",
            "3": "LI",
            "countries_id": "118",
            "countries_name": "Liechtenstein",
            "countries_isd_code": "423",
            "cid": "LI"
        },
        {
            "0": "11",
            "1": "Austria",
            "2": "43",
            "3": "AT",
            "countries_id": "11",
            "countries_name": "Austria",
            "countries_isd_code": "43",
            "cid": "AT"
        },
        {
            "0": "71",
            "1": "Great Britain (UK)",
            "2": "44",
            "3": "GB",
            "countries_id": "71",
            "countries_name": "Great Britain (UK)",
            "countries_isd_code": "44",
            "cid": "GB"
        },
        {
            "0": "75",
            "1": "NULL",
            "2": "44-1481",
            "3": "GG",
            "countries_id": "75",
            "countries_name": "NULL",
            "countries_isd_code": "44-1481",
            "cid": "GG"
        },
        {
            "0": "53",
            "1": "Denmark",
            "2": "45",
            "3": "DK",
            "countries_id": "53",
            "countries_name": "Denmark",
            "countries_isd_code": "45",
            "cid": "DK"
        },
        {
            "0": "182",
            "1": "Sweden",
            "2": "46",
            "3": "SE",
            "countries_id": "182",
            "countries_name": "Sweden",
            "countries_isd_code": "46",
            "cid": "SE"
        },
        {
            "0": "154",
            "1": "Norway",
            "2": "47",
            "3": "NO",
            "countries_id": "154",
            "countries_name": "Norway",
            "countries_isd_code": "47",
            "cid": "NO"
        },
        {
            "0": "186",
            "1": "Svalbard and Jan Mayen",
            "2": "47",
            "3": "SJ",
            "countries_id": "186",
            "countries_name": "Svalbard and Jan Mayen",
            "countries_isd_code": "47",
            "cid": "SJ"
        },
        {
            "0": "166",
            "1": "Poland",
            "2": "48",
            "3": "PL",
            "countries_id": "166",
            "countries_name": "Poland",
            "countries_isd_code": "48",
            "cid": "PL"
        },
        {
            "0": "51",
            "1": "Germany",
            "2": "49",
            "3": "DE",
            "countries_id": "51",
            "countries_name": "Germany",
            "countries_isd_code": "49",
            "cid": "DE"
        },
        {
            "0": "66",
            "1": "Falkland Islands (Malvinas)",
            "2": "500",
            "3": "FK",
            "countries_id": "66",
            "countries_name": "Falkland Islands (Malvinas)",
            "countries_isd_code": "500",
            "cid": "FK"
        },
        {
            "0": "84",
            "1": "S. Georgia and S. Sandwich Islands",
            "2": "500",
            "3": "GS",
            "countries_id": "84",
            "countries_name": "S. Georgia and S. Sandwich Islands",
            "countries_isd_code": "500",
            "cid": "GS"
        },
        {
            "0": "32",
            "1": "Belize",
            "2": "501",
            "3": "BZ",
            "countries_id": "32",
            "countries_name": "Belize",
            "countries_isd_code": "501",
            "cid": "BZ"
        },
        {
            "0": "85",
            "1": "Guatemala",
            "2": "502",
            "3": "GT",
            "countries_id": "85",
            "countries_name": "Guatemala",
            "countries_isd_code": "502",
            "cid": "GT"
        },
        {
            "0": "194",
            "1": "El Salvador",
            "2": "503",
            "3": "SV",
            "countries_id": "194",
            "countries_name": "El Salvador",
            "countries_isd_code": "503",
            "cid": "SV"
        },
        {
            "0": "89",
            "1": "Honduras",
            "2": "504",
            "3": "HN",
            "countries_id": "89",
            "countries_name": "Honduras",
            "countries_isd_code": "504",
            "cid": "HN"
        },
        {
            "0": "152",
            "1": "Nicaragua",
            "2": "505",
            "3": "NI",
            "countries_id": "152",
            "countries_name": "Nicaragua",
            "countries_isd_code": "505",
            "cid": "NI"
        },
        {
            "0": "45",
            "1": "Costa Rica",
            "2": "506",
            "3": "CR",
            "countries_id": "45",
            "countries_name": "Costa Rica",
            "countries_isd_code": "506",
            "cid": "CR"
        },
        {
            "0": "160",
            "1": "Panama",
            "2": "507",
            "3": "PA",
            "countries_id": "160",
            "countries_name": "Panama",
            "countries_isd_code": "507",
            "cid": "PA"
        },
        {
            "0": "167",
            "1": "Saint Pierre and Miquelon",
            "2": "508",
            "3": "PM",
            "countries_id": "167",
            "countries_name": "Saint Pierre and Miquelon",
            "countries_isd_code": "508",
            "cid": "PM"
        },
        {
            "0": "91",
            "1": "Haiti",
            "2": "509",
            "3": "HT",
            "countries_id": "91",
            "countries_name": "Haiti",
            "countries_isd_code": "509",
            "cid": "HT"
        },
        {
            "0": "161",
            "1": "Peru",
            "2": "51",
            "3": "PE",
            "countries_id": "161",
            "countries_name": "Peru",
            "countries_isd_code": "51",
            "cid": "PE"
        },
        {
            "0": "144",
            "1": "Mexico",
            "2": "52",
            "3": "MX",
            "countries_id": "144",
            "countries_name": "Mexico",
            "countries_isd_code": "52",
            "cid": "MX"
        },
        {
            "0": "46",
            "1": "Cuba",
            "2": "53",
            "3": "CU",
            "countries_id": "46",
            "countries_name": "Cuba",
            "countries_isd_code": "53",
            "cid": "CU"
        },
        {
            "0": "10",
            "1": "Argentina",
            "2": "54",
            "3": "AR",
            "countries_id": "10",
            "countries_name": "Argentina",
            "countries_isd_code": "54",
            "cid": "AR"
        },
        {
            "0": "27",
            "1": "Brazil",
            "2": "55",
            "3": "BR",
            "countries_id": "27",
            "countries_name": "Brazil",
            "countries_isd_code": "55",
            "cid": "BR"
        },
        {
            "0": "41",
            "1": "Chile",
            "2": "56",
            "3": "CL",
            "countries_id": "41",
            "countries_name": "Chile",
            "countries_isd_code": "56",
            "cid": "CL"
        },
        {
            "0": "44",
            "1": "Colombia",
            "2": "57",
            "3": "CO",
            "countries_id": "44",
            "countries_name": "Colombia",
            "countries_isd_code": "57",
            "cid": "CO"
        },
        {
            "0": "217",
            "1": "Venezuela",
            "2": "58",
            "3": "VE",
            "countries_id": "217",
            "countries_name": "Venezuela",
            "countries_isd_code": "58",
            "cid": "VE"
        },
        {
            "0": "81",
            "1": "Guadeloupe",
            "2": "590",
            "3": "GP",
            "countries_id": "81",
            "countries_name": "Guadeloupe",
            "countries_isd_code": "590",
            "cid": "GP"
        },
        {
            "0": "26",
            "1": "Bolivia",
            "2": "591",
            "3": "BO",
            "countries_id": "26",
            "countries_name": "Bolivia",
            "countries_isd_code": "591",
            "cid": "BO"
        },
        {
            "0": "87",
            "1": "Guyana",
            "2": "592",
            "3": "GY",
            "countries_id": "87",
            "countries_name": "Guyana",
            "countries_isd_code": "592",
            "cid": "GY"
        },
        {
            "0": "57",
            "1": "Ecuador",
            "2": "593",
            "3": "EC",
            "countries_id": "57",
            "countries_name": "Ecuador",
            "countries_isd_code": "593",
            "cid": "EC"
        },
        {
            "0": "74",
            "1": "French Guiana",
            "2": "594",
            "3": "GF",
            "countries_id": "74",
            "countries_name": "French Guiana",
            "countries_isd_code": "594",
            "cid": "GF"
        },
        {
            "0": "172",
            "1": "Paraguay",
            "2": "595",
            "3": "PY",
            "countries_id": "172",
            "countries_name": "Paraguay",
            "countries_isd_code": "595",
            "cid": "PY"
        },
        {
            "0": "137",
            "1": "Martinique",
            "2": "596",
            "3": "MQ",
            "countries_id": "137",
            "countries_name": "Martinique",
            "countries_isd_code": "596",
            "cid": "MQ"
        },
        {
            "0": "192",
            "1": "Suriname",
            "2": "597",
            "3": "SR",
            "countries_id": "192",
            "countries_name": "Suriname",
            "countries_isd_code": "597",
            "cid": "SR"
        },
        {
            "0": "214",
            "1": "Uruguay",
            "2": "598",
            "3": "UY",
            "countries_id": "214",
            "countries_name": "Uruguay",
            "countries_isd_code": "598",
            "cid": "UY"
        },
        {
            "0": "8",
            "1": "Netherlands Antilles",
            "2": "599",
            "3": "AN",
            "countries_id": "8",
            "countries_name": "Netherlands Antilles",
            "countries_isd_code": "599",
            "cid": "AN"
        },
        {
            "0": "145",
            "1": "Malaysia",
            "2": "60",
            "3": "MY",
            "countries_id": "145",
            "countries_name": "Malaysia",
            "countries_isd_code": "60",
            "cid": "MY"
        },
        {
            "0": "12",
            "1": "Australia",
            "2": "61",
            "3": "AU",
            "countries_id": "12",
            "countries_name": "Australia",
            "countries_isd_code": "61",
            "cid": "AU"
        },
        {
            "0": "34",
            "1": "Cocos (Keeling) Islands",
            "2": "61",
            "3": "CC",
            "countries_id": "34",
            "countries_name": "Cocos (Keeling) Islands",
            "countries_isd_code": "61",
            "cid": "CC"
        },
        {
            "0": "48",
            "1": "Christmas Island",
            "2": "61",
            "3": "CX",
            "countries_id": "48",
            "countries_name": "Christmas Island",
            "countries_isd_code": "61",
            "cid": "CX"
        },
        {
            "0": "93",
            "1": "Indonesia",
            "2": "62",
            "3": "ID",
            "countries_id": "93",
            "countries_name": "Indonesia",
            "countries_isd_code": "62",
            "cid": "ID"
        },
        {
            "0": "164",
            "1": "Philippines",
            "2": "63",
            "3": "PH",
            "countries_id": "164",
            "countries_name": "Philippines",
            "countries_isd_code": "63",
            "cid": "PH"
        },
        {
            "0": "158",
            "1": "New Zealand (Aotearoa)",
            "2": "64",
            "3": "NZ",
            "countries_id": "158",
            "countries_name": "New Zealand (Aotearoa)",
            "countries_isd_code": "64",
            "cid": "NZ"
        },
        {
            "0": "168",
            "1": "Pitcairn",
            "2": "64",
            "3": "PN",
            "countries_id": "168",
            "countries_name": "Pitcairn",
            "countries_isd_code": "64",
            "cid": "PN"
        },
        {
            "0": "183",
            "1": "Singapore",
            "2": "65",
            "3": "SG",
            "countries_id": "183",
            "countries_name": "Singapore",
            "countries_isd_code": "65",
            "cid": "SG"
        },
        {
            "0": "201",
            "1": "Thailand",
            "2": "66",
            "3": "TH",
            "countries_id": "201",
            "countries_name": "Thailand",
            "countries_isd_code": "66",
            "cid": "TH"
        },
        {
            "0": "150",
            "1": "Norfolk Island",
            "2": "672",
            "3": "NF",
            "countries_id": "150",
            "countries_name": "Norfolk Island",
            "countries_isd_code": "672",
            "cid": "NF"
        },
        {
            "0": "25",
            "1": "Brunei Darussalam",
            "2": "673",
            "3": "BN",
            "countries_id": "25",
            "countries_name": "Brunei Darussalam",
            "countries_isd_code": "673",
            "cid": "BN"
        },
        {
            "0": "156",
            "1": "Nauru",
            "2": "674",
            "3": "NR",
            "countries_id": "156",
            "countries_name": "Nauru",
            "countries_isd_code": "674",
            "cid": "NR"
        },
        {
            "0": "163",
            "1": "Papua New Guinea",
            "2": "675",
            "3": "PG",
            "countries_id": "163",
            "countries_name": "Papua New Guinea",
            "countries_isd_code": "675",
            "cid": "PG"
        },
        {
            "0": "206",
            "1": "Tonga",
            "2": "676",
            "3": "TO",
            "countries_id": "206",
            "countries_name": "Tonga",
            "countries_isd_code": "676",
            "cid": "TO"
        },
        {
            "0": "179",
            "1": "Solomon Islands",
            "2": "677",
            "3": "SB",
            "countries_id": "179",
            "countries_name": "Solomon Islands",
            "countries_isd_code": "677",
            "cid": "SB"
        },
        {
            "0": "221",
            "1": "Vanuatu",
            "2": "678",
            "3": "VU",
            "countries_id": "221",
            "countries_name": "Vanuatu",
            "countries_isd_code": "678",
            "cid": "VU"
        },
        {
            "0": "65",
            "1": "Fiji",
            "2": "679",
            "3": "FJ",
            "countries_id": "65",
            "countries_name": "Fiji",
            "countries_isd_code": "679",
            "cid": "FJ"
        },
        {
            "0": "171",
            "1": "Palau",
            "2": "680",
            "3": "PW",
            "countries_id": "171",
            "countries_name": "Palau",
            "countries_isd_code": "680",
            "cid": "PW"
        },
        {
            "0": "222",
            "1": "Wallis and Futuna",
            "2": "681",
            "3": "WF",
            "countries_id": "222",
            "countries_name": "Wallis and Futuna",
            "countries_isd_code": "681",
            "cid": "WF"
        },
        {
            "0": "40",
            "1": "Cook Islands",
            "2": "682",
            "3": "CK",
            "countries_id": "40",
            "countries_name": "Cook Islands",
            "countries_isd_code": "682",
            "cid": "CK"
        },
        {
            "0": "157",
            "1": "Niue",
            "2": "683",
            "3": "NU",
            "countries_id": "157",
            "countries_name": "Niue",
            "countries_isd_code": "683",
            "cid": "NU"
        },
        {
            "0": "223",
            "1": "Samoa",
            "2": "685",
            "3": "WS",
            "countries_id": "223",
            "countries_name": "Samoa",
            "countries_isd_code": "685",
            "cid": "WS"
        },
        {
            "0": "107",
            "1": "Kiribati",
            "2": "686",
            "3": "KI",
            "countries_id": "107",
            "countries_name": "Kiribati",
            "countries_isd_code": "686",
            "cid": "KI"
        },
        {
            "0": "148",
            "1": "New Caledonia",
            "2": "687",
            "3": "NC",
            "countries_id": "148",
            "countries_name": "New Caledonia",
            "countries_isd_code": "687",
            "cid": "NC"
        },
        {
            "0": "209",
            "1": "Tuvalu",
            "2": "688",
            "3": "TV",
            "countries_id": "209",
            "countries_name": "Tuvalu",
            "countries_isd_code": "688",
            "cid": "TV"
        },
        {
            "0": "162",
            "1": "French Polynesia",
            "2": "689",
            "3": "PF",
            "countries_id": "162",
            "countries_name": "French Polynesia",
            "countries_isd_code": "689",
            "cid": "PF"
        },
        {
            "0": "203",
            "1": "Tokelau",
            "2": "690",
            "3": "TK",
            "countries_id": "203",
            "countries_name": "Tokelau",
            "countries_isd_code": "690",
            "cid": "TK"
        },
        {
            "0": "67",
            "1": "Federated States of Micronesia",
            "2": "691",
            "3": "FM",
            "countries_id": "67",
            "countries_name": "Federated States of Micronesia",
            "countries_isd_code": "691",
            "cid": "FM"
        },
        {
            "0": "130",
            "1": "Marshall Islands",
            "2": "692",
            "3": "MH",
            "countries_id": "130",
            "countries_name": "Marshall Islands",
            "countries_isd_code": "692",
            "cid": "MH"
        },
        {
            "0": "114",
            "1": "Kazakhstan",
            "2": "7",
            "3": "KZ",
            "countries_id": "114",
            "countries_name": "Kazakhstan",
            "countries_isd_code": "7",
            "cid": "KZ"
        },
        {
            "0": "176",
            "1": "Russian Federation",
            "2": "7",
            "3": "RU",
            "countries_id": "176",
            "countries_name": "Russian Federation",
            "countries_isd_code": "7",
            "cid": "RU"
        },
        {
            "0": "103",
            "1": "Japan",
            "2": "81",
            "3": "JP",
            "countries_id": "103",
            "countries_name": "Japan",
            "countries_isd_code": "81",
            "cid": "JP"
        },
        {
            "0": "111",
            "1": "Korea (South)",
            "2": "82",
            "3": "KR",
            "countries_id": "111",
            "countries_name": "Korea (South)",
            "countries_isd_code": "82",
            "cid": "KR"
        },
        {
            "0": "220",
            "1": "Viet Nam",
            "2": "84",
            "3": "VN",
            "countries_id": "220",
            "countries_name": "Viet Nam",
            "countries_isd_code": "84",
            "cid": "VN"
        },
        {
            "0": "110",
            "1": "Korea (North)",
            "2": "850",
            "3": "KP",
            "countries_id": "110",
            "countries_name": "Korea (North)",
            "countries_isd_code": "850",
            "cid": "KP"
        },
        {
            "0": "88",
            "1": "Hong Kong",
            "2": "852",
            "3": "HK",
            "countries_id": "88",
            "countries_name": "Hong Kong",
            "countries_isd_code": "852",
            "cid": "HK"
        },
        {
            "0": "135",
            "1": "Macao",
            "2": "853",
            "3": "MO",
            "countries_id": "135",
            "countries_name": "Macao",
            "countries_isd_code": "853",
            "cid": "MO"
        },
        {
            "0": "106",
            "1": "Cambodia",
            "2": "855",
            "3": "KH",
            "countries_id": "106",
            "countries_name": "Cambodia",
            "countries_isd_code": "855",
            "cid": "KH"
        },
        {
            "0": "115",
            "1": "Laos",
            "2": "856",
            "3": "LA",
            "countries_id": "115",
            "countries_name": "Laos",
            "countries_isd_code": "856",
            "cid": "LA"
        },
        {
            "0": "43",
            "1": "China",
            "2": "86",
            "3": "CN",
            "countries_id": "43",
            "countries_name": "China",
            "countries_isd_code": "86",
            "cid": "CN"
        },
        {
            "0": "17",
            "1": "Bangladesh",
            "2": "880",
            "3": "BD",
            "countries_id": "17",
            "countries_name": "Bangladesh",
            "countries_isd_code": "880",
            "cid": "BD"
        },
        {
            "0": "210",
            "1": "Taiwan",
            "2": "886",
            "3": "TW",
            "countries_id": "210",
            "countries_name": "Taiwan",
            "countries_isd_code": "886",
            "cid": "TW"
        },
        {
            "0": "207",
            "1": "Turkey",
            "2": "90",
            "3": "TR",
            "countries_id": "207",
            "countries_name": "Turkey",
            "countries_isd_code": "90",
            "cid": "TR"
        },
        {
            "0": "96",
            "1": "India",
            "2": "91",
            "3": "IN",
            "countries_id": "96",
            "countries_name": "India",
            "countries_isd_code": "91",
            "cid": "IN"
        },
        {
            "0": "165",
            "1": "Pakistan",
            "2": "92",
            "3": "PK",
            "countries_id": "165",
            "countries_name": "Pakistan",
            "countries_isd_code": "92",
            "cid": "PK"
        },
        {
            "0": "3",
            "1": "Afghanistan",
            "2": "93",
            "3": "AF",
            "countries_id": "3",
            "countries_name": "Afghanistan",
            "countries_isd_code": "93",
            "cid": "AF"
        },
        {
            "0": "119",
            "1": "Sri Lanka",
            "2": "94",
            "3": "LK",
            "countries_id": "119",
            "countries_name": "Sri Lanka",
            "countries_isd_code": "94",
            "cid": "LK"
        },
        {
            "0": "133",
            "1": "Myanmar",
            "2": "95",
            "3": "MM",
            "countries_id": "133",
            "countries_name": "Myanmar",
            "countries_isd_code": "95",
            "cid": "MM"
        },
        {
            "0": "142",
            "1": "Maldives",
            "2": "960",
            "3": "MV",
            "countries_id": "142",
            "countries_name": "Maldives",
            "countries_isd_code": "960",
            "cid": "MV"
        },
        {
            "0": "116",
            "1": "Lebanon",
            "2": "961",
            "3": "LB",
            "countries_id": "116",
            "countries_name": "Lebanon",
            "countries_isd_code": "961",
            "cid": "LB"
        },
        {
            "0": "102",
            "1": "Jordan",
            "2": "962",
            "3": "JO",
            "countries_id": "102",
            "countries_name": "Jordan",
            "countries_isd_code": "962",
            "cid": "JO"
        },
        {
            "0": "195",
            "1": "Syria",
            "2": "963",
            "3": "SY",
            "countries_id": "195",
            "countries_name": "Syria",
            "countries_isd_code": "963",
            "cid": "SY"
        },
        {
            "0": "97",
            "1": "Iraq",
            "2": "964",
            "3": "IQ",
            "countries_id": "97",
            "countries_name": "Iraq",
            "countries_isd_code": "964",
            "cid": "IQ"
        },
        {
            "0": "112",
            "1": "Kuwait",
            "2": "965",
            "3": "KW",
            "countries_id": "112",
            "countries_name": "Kuwait",
            "countries_isd_code": "965",
            "cid": "KW"
        },
        {
            "0": "178",
            "1": "Saudi Arabia",
            "2": "966",
            "3": "SA",
            "countries_id": "178",
            "countries_name": "Saudi Arabia",
            "countries_isd_code": "966",
            "cid": "SA"
        },
        {
            "0": "224",
            "1": "Yemen",
            "2": "967",
            "3": "YE",
            "countries_id": "224",
            "countries_name": "Yemen",
            "countries_isd_code": "967",
            "cid": "YE"
        },
        {
            "0": "159",
            "1": "Oman",
            "2": "968",
            "3": "OM",
            "countries_id": "159",
            "countries_name": "Oman",
            "countries_isd_code": "968",
            "cid": "OM"
        },
        {
            "0": "169",
            "1": "Palestinian Territory",
            "2": "970",
            "3": "PS",
            "countries_id": "169",
            "countries_name": "Palestinian Territory",
            "countries_isd_code": "970",
            "cid": "PS"
        },
        {
            "0": "2",
            "1": "United Arab Emirates",
            "2": "971",
            "3": "AE",
            "countries_id": "2",
            "countries_name": "United Arab Emirates",
            "countries_isd_code": "971",
            "cid": "AE"
        },
        {
            "0": "95",
            "1": "Israel",
            "2": "972",
            "3": "IL",
            "countries_id": "95",
            "countries_name": "Israel",
            "countries_isd_code": "972",
            "cid": "IL"
        },
        {
            "0": "21",
            "1": "Bahrain",
            "2": "973",
            "3": "BH",
            "countries_id": "21",
            "countries_name": "Bahrain",
            "countries_isd_code": "973",
            "cid": "BH"
        },
        {
            "0": "173",
            "1": "Qatar",
            "2": "974",
            "3": "QA",
            "countries_id": "173",
            "countries_name": "Qatar",
            "countries_isd_code": "974",
            "cid": "QA"
        },
        {
            "0": "29",
            "1": "Bhutan",
            "2": "975",
            "3": "BT",
            "countries_id": "29",
            "countries_name": "Bhutan",
            "countries_isd_code": "975",
            "cid": "BT"
        },
        {
            "0": "134",
            "1": "Mongolia",
            "2": "976",
            "3": "MN",
            "countries_id": "134",
            "countries_name": "Mongolia",
            "countries_isd_code": "976",
            "cid": "MN"
        },
        {
            "0": "155",
            "1": "Nepal",
            "2": "977",
            "3": "NP",
            "countries_id": "155",
            "countries_name": "Nepal",
            "countries_isd_code": "977",
            "cid": "NP"
        },
        {
            "0": "98",
            "1": "Iran",
            "2": "98",
            "3": "IR",
            "countries_id": "98",
            "countries_name": "Iran",
            "countries_isd_code": "98",
            "cid": "IR"
        },
        {
            "0": "202",
            "1": "Tajikistan",
            "2": "992",
            "3": "TJ",
            "countries_id": "202",
            "countries_name": "Tajikistan",
            "countries_isd_code": "992",
            "cid": "TJ"
        },
        {
            "0": "204",
            "1": "Turkmenistan",
            "2": "993",
            "3": "TM",
            "countries_id": "204",
            "countries_name": "Turkmenistan",
            "countries_isd_code": "993",
            "cid": "TM"
        },
        {
            "0": "14",
            "1": "Azerbaijan",
            "2": "994",
            "3": "AZ",
            "countries_id": "14",
            "countries_name": "Azerbaijan",
            "countries_isd_code": "994",
            "cid": "AZ"
        },
        {
            "0": "73",
            "1": "Georgia",
            "2": "995",
            "3": "GE",
            "countries_id": "73",
            "countries_name": "Georgia",
            "countries_isd_code": "995",
            "cid": "GE"
        },
        {
            "0": "105",
            "1": "Kyrgyzstan",
            "2": "996",
            "3": "KG",
            "countries_id": "105",
            "countries_name": "Kyrgyzstan",
            "countries_isd_code": "996",
            "cid": "KG"
        },
        {
            "0": "215",
            "1": "Uzbekistan",
            "2": "998",
            "3": "UZ",
            "countries_id": "215",
            "countries_name": "Uzbekistan",
            "countries_isd_code": "998",
            "cid": "UZ"
        }
    ]
}